Headline,Category
Stock markets crash due to inflation,Finance
Federal Reserve announces interest rate hike,Finance
Crypto market sees a massive surge,Finance
Federal Reserve announces interest rate hike,Finance
Sensex and Nifty hit record highs,Finance
Gold prices surge as dollar weakens,Finance
Gold prices surge as dollar weakens,Finance
Sensex and Nifty hit record highs,Finance
Bitcoin hits a new all-time high,Finance
Crypto market sees a massive surge,Finance
Stock markets crash due to inflation,Finance
RBI introduces new banking regulations,Finance
Sensex and Nifty hit record highs,Finance
Indian government launches new tax policies for traders,Finance
Sensex and Nifty hit record highs,Finance
Investors shift focus to emerging markets,Finance
Federal Reserve announces interest rate hike,Finance
RBI introduces new banking regulations,Finance
Investors shift focus to emerging markets,Finance
Sensex and Nifty hit record highs,Finance
Investors shift focus to emerging markets,Finance
Sensex and Nifty hit record highs,Finance
Sensex and Nifty hit record highs,Finance
Tesla stock jumps after strong quarterly earnings,Finance
Investors shift focus to emerging markets,Finance
Indian government launches new tax policies for traders,Finance
Investors shift focus to emerging markets,Finance
Federal Reserve announces interest rate hike,Finance
Sensex and Nifty hit record highs,Finance
RBI introduces new banking regulations,Finance
Sensex and Nifty hit record highs,Finance
Indian government launches new tax policies for traders,Finance
RBI introduces new banking regulations,Finance
Crypto market sees a massive surge,Finance
RBI introduces new banking regulations,Finance
Tesla stock jumps after strong quarterly earnings,Finance
RBI introduces new banking regulations,Finance
Crypto market sees a massive surge,Finance
Investors shift focus to emerging markets,Finance
Crypto market sees a massive surge,Finance
Indian government launches new tax policies for traders,Finance
Bitcoin hits a new all-time high,Finance
Gold prices surge as dollar weakens,Finance
RBI introduces new banking regulations,Finance
Federal Reserve announces interest rate hike,Finance
Stock markets crash due to inflation,Finance
Bitcoin hits a new all-time high,Finance
Investors shift focus to emerging markets,Finance
Tesla stock jumps after strong quarterly earnings,Finance
RBI introduces new banking regulations,Finance
Maruti Suzuki sees record car sales this quarter,Automobile
Tesla's self-driving software gets a major update,Automobile
Mahindra launches latest hybrid vehicle,Automobile
Ford re-enters the Indian market with a new lineup,Automobile
Royal Enfield expands production for growing demand,Automobile
Honda announces fuel-efficient models for Indian market,Automobile
Ola Electric to set up biggest EV manufacturing plant in India,Automobile
Ola Electric to set up biggest EV manufacturing plant in India,Automobile
Ford re-enters the Indian market with a new lineup,Automobile
Honda announces fuel-efficient models for Indian market,Automobile
Maruti Suzuki sees record car sales this quarter,Automobile
Tesla's self-driving software gets a major update,Automobile
Maruti Suzuki sees record car sales this quarter,Automobile
Royal Enfield expands production for growing demand,Automobile
Mahindra launches latest hybrid vehicle,Automobile
Tata Motors unveils new electric SUV,Automobile
Tata Motors unveils new electric SUV,Automobile
Ford re-enters the Indian market with a new lineup,Automobile
Maruti Suzuki sees record car sales this quarter,Automobile
Honda announces fuel-efficient models for Indian market,Automobile
Honda announces fuel-efficient models for Indian market,Automobile
Bajaj Auto reveals next-gen electric bike,Automobile
Maruti Suzuki sees record car sales this quarter,Automobile
Tata Motors unveils new electric SUV,Automobile
Tata Motors unveils new electric SUV,Automobile
Maruti Suzuki sees record car sales this quarter,Automobile
Honda announces fuel-efficient models for Indian market,Automobile
Ola Electric to set up biggest EV manufacturing plant in India,Automobile
Mahindra launches latest hybrid vehicle,Automobile
Tesla's self-driving software gets a major update,Automobile
Mahindra launches latest hybrid vehicle,Automobile
Hyundai partners with Indian government for EV production,Automobile
Mahindra launches latest hybrid vehicle,Automobile
Ford re-enters the Indian market with a new lineup,Automobile
Honda announces fuel-efficient models for Indian market,Automobile
Tesla's self-driving software gets a major update,Automobile
Mahindra launches latest hybrid vehicle,Automobile
Ola Electric to set up biggest EV manufacturing plant in India,Automobile
Honda announces fuel-efficient models for Indian market,Automobile
Hyundai partners with Indian government for EV production,Automobile
Bajaj Auto reveals next-gen electric bike,Automobile
Royal Enfield expands production for growing demand,Automobile
Hyundai partners with Indian government for EV production,Automobile
Tata Motors unveils new electric SUV,Automobile
Mahindra launches latest hybrid vehicle,Automobile
Maruti Suzuki sees record car sales this quarter,Automobile
Hyundai partners with Indian government for EV production,Automobile
Ola Electric to set up biggest EV manufacturing plant in India,Automobile
Ford re-enters the Indian market with a new lineup,Automobile
Maruti Suzuki sees record car sales this quarter,Automobile
China announces plans for moon base,Space
ISRO successfully launches Chandrayaan-4,Space
Virgin Galactic starts commercial space tourism,Space
ISRO successfully launches Chandrayaan-4,Space
Russia to build space station by 2030,Space
ISRO successfully launches Chandrayaan-4,Space
ISRO successfully launches Chandrayaan-4,Space
SpaceX tests Starship for lunar exploration,Space
ISRO successfully launches Chandrayaan-4,Space
NASA plans new Mars rover mission,Space
SpaceX tests Starship for lunar exploration,Space
Asteroid mining could be the future of space economy,Space
SpaceX tests Starship for lunar exploration,Space
Blue Origin wins contract for lunar lander,Space
China announces plans for moon base,Space
Blue Origin wins contract for lunar lander,Space
China announces plans for moon base,Space
SpaceX tests Starship for lunar exploration,Space
SpaceX tests Starship for lunar exploration,Space
India and USA collaborate on space technology,Space
India and USA collaborate on space technology,Space
China announces plans for moon base,Space
ISRO successfully launches Chandrayaan-4,Space
China announces plans for moon base,Space
China announces plans for moon base,Space
NASA plans new Mars rover mission,Space
China announces plans for moon base,Space
Virgin Galactic starts commercial space tourism,Space
Virgin Galactic starts commercial space tourism,Space
SpaceX tests Starship for lunar exploration,Space
India and USA collaborate on space technology,Space
SpaceX tests Starship for lunar exploration,Space
ISRO successfully launches Chandrayaan-4,Space
Blue Origin wins contract for lunar lander,Space
Virgin Galactic starts commercial space tourism,Space
Blue Origin wins contract for lunar lander,Space
NASA plans new Mars rover mission,Space
James Webb Telescope captures stunning images,Space
James Webb Telescope captures stunning images,Space
Virgin Galactic starts commercial space tourism,Space
SpaceX tests Starship for lunar exploration,Space
SpaceX tests Starship for lunar exploration,Space
Blue Origin wins contract for lunar lander,Space
India and USA collaborate on space technology,Space
Russia to build space station by 2030,Space
James Webb Telescope captures stunning images,Space
Russia to build space station by 2030,Space
James Webb Telescope captures stunning images,Space
NASA plans new Mars rover mission,Space
China announces plans for moon base,Space
Samsung's new chip promises faster computing,Technology
Meta rolls out latest VR headset,Technology
AI-driven cybersecurity becomes the next big thing,Technology
Meta rolls out latest VR headset,Technology
Meta rolls out latest VR headset,Technology
Microsoft invests billions in quantum computing,Technology
5G rollout accelerates digital transformation globally,Technology
Amazon expands cloud computing services in India,Technology
Tesla develops new AI chips for self-driving cars,Technology
Google introduces a new AI search feature,Technology
Samsung's new chip promises faster computing,Technology
Microsoft invests billions in quantum computing,Technology
Tesla develops new AI chips for self-driving cars,Technology
Indian startups lead the AI revolution,Technology
Samsung's new chip promises faster computing,Technology
AI-driven cybersecurity becomes the next big thing,Technology
Samsung's new chip promises faster computing,Technology
Microsoft invests billions in quantum computing,Technology
Meta rolls out latest VR headset,Technology
5G rollout accelerates digital transformation globally,Technology
Microsoft invests billions in quantum computing,Technology
Microsoft invests billions in quantum computing,Technology
Amazon expands cloud computing services in India,Technology
Google introduces a new AI search feature,Technology
Tesla develops new AI chips for self-driving cars,Technology
5G rollout accelerates digital transformation globally,Technology
5G rollout accelerates digital transformation globally,Technology
Meta rolls out latest VR headset,Technology
Tesla develops new AI chips for self-driving cars,Technology
Indian startups lead the AI revolution,Technology
Meta rolls out latest VR headset,Technology
Indian startups lead the AI revolution,Technology
Indian startups lead the AI revolution,Technology
Indian startups lead the AI revolution,Technology
5G rollout accelerates digital transformation globally,Technology
Microsoft invests billions in quantum computing,Technology
5G rollout accelerates digital transformation globally,Technology
Tesla develops new AI chips for self-driving cars,Technology
5G rollout accelerates digital transformation globally,Technology
Samsung's new chip promises faster computing,Technology
Google introduces a new AI search feature,Technology
Samsung's new chip promises faster computing,Technology
Google introduces a new AI search feature,Technology
Apple launches AI-powered iPhone,Technology
Meta rolls out latest VR headset,Technology
Microsoft invests billions in quantum computing,Technology
Samsung's new chip promises faster computing,Technology
5G rollout accelerates digital transformation globally,Technology
5G rollout accelerates digital transformation globally,Technology
Samsung's new chip promises faster computing,Technology
Ayurvedic medicine gains popularity worldwide,Health
Mental health awareness campaigns increase,Health
Indian scientists discover a new cancer treatment,Health
Doctors recommend daily exercise for better health,Health
Indian scientists discover a new cancer treatment,Health
Medical AI assists doctors in diagnosing rare diseases,Health
Doctors recommend daily exercise for better health,Health
WHO warns about potential new pandemic,Health
Indian scientists discover a new cancer treatment,Health
Medical AI assists doctors in diagnosing rare diseases,Health
Indian scientists discover a new cancer treatment,Health
Ayurvedic medicine gains popularity worldwide,Health
Mental health awareness campaigns increase,Health
Medical AI assists doctors in diagnosing rare diseases,Health
Medical AI assists doctors in diagnosing rare diseases,Health
Mental health awareness campaigns increase,Health
New vaccine developed to fight the latest virus strain,Health
Pharmaceutical companies launch new weight-loss drugs,Health
Pharmaceutical companies launch new weight-loss drugs,Health
Pharmaceutical companies launch new weight-loss drugs,Health
Telemedicine grows as healthcare goes digital,Health
New vaccine developed to fight the latest virus strain,Health
Government announces free health checkups for all,Health
Telemedicine grows as healthcare goes digital,Health
Telemedicine grows as healthcare goes digital,Health
WHO warns about potential new pandemic,Health
Pharmaceutical companies launch new weight-loss drugs,Health
Doctors recommend daily exercise for better health,Health
Telemedicine grows as healthcare goes digital,Health
WHO warns about potential new pandemic,Health
New vaccine developed to fight the latest virus strain,Health
New vaccine developed to fight the latest virus strain,Health
Indian scientists discover a new cancer treatment,Health
WHO warns about potential new pandemic,Health
Medical AI assists doctors in diagnosing rare diseases,Health
Ayurvedic medicine gains popularity worldwide,Health
Mental health awareness campaigns increase,Health
New vaccine developed to fight the latest virus strain,Health
Indian scientists discover a new cancer treatment,Health
Doctors recommend daily exercise for better health,Health
Doctors recommend daily exercise for better health,Health
Doctors recommend daily exercise for better health,Health
WHO warns about potential new pandemic,Health
Government announces free health checkups for all,Health
New vaccine developed to fight the latest virus strain,Health
Mental health awareness campaigns increase,Health
New vaccine developed to fight the latest virus strain,Health
Mental health awareness campaigns increase,Health
Indian scientists discover a new cancer treatment,Health
Medical AI assists doctors in diagnosing rare diseases,Health
Messi scores a hat-trick in final match,Sports
India wins the Cricket World Cup,Sports
Badminton sees rise in Indian champions,Sports
India wins the Cricket World Cup,Sports
Badminton sees rise in Indian champions,Sports
NBA introduces new global tournament,Sports
Indian football team qualifies for the Asian Cup,Sports
Lewis Hamilton wins record-breaking F1 championship,Sports
Messi scores a hat-trick in final match,Sports
Messi scores a hat-trick in final match,Sports
FIFA announces major changes to World Cup format,Sports
Badminton sees rise in Indian champions,Sports
Olympics 2024 to be held in Paris,Sports
NBA introduces new global tournament,Sports
Lewis Hamilton wins record-breaking F1 championship,Sports
Messi scores a hat-trick in final match,Sports
Wimbledon final sees record viewership,Sports
FIFA announces major changes to World Cup format,Sports
NBA introduces new global tournament,Sports
Messi scores a hat-trick in final match,Sports
India wins the Cricket World Cup,Sports
FIFA announces major changes to World Cup format,Sports
Messi scores a hat-trick in final match,Sports
India wins the Cricket World Cup,Sports
NBA introduces new global tournament,Sports
Badminton sees rise in Indian champions,Sports
Olympics 2024 to be held in Paris,Sports
Lewis Hamilton wins record-breaking F1 championship,Sports
Messi scores a hat-trick in final match,Sports
Messi scores a hat-trick in final match,Sports
Indian football team qualifies for the Asian Cup,Sports
Indian football team qualifies for the Asian Cup,Sports
Indian football team qualifies for the Asian Cup,Sports
Messi scores a hat-trick in final match,Sports
FIFA announces major changes to World Cup format,Sports
FIFA announces major changes to World Cup format,Sports
Indian football team qualifies for the Asian Cup,Sports
Badminton sees rise in Indian champions,Sports
India wins the Cricket World Cup,Sports
NBA introduces new global tournament,Sports
Wimbledon final sees record viewership,Sports
Olympics 2024 to be held in Paris,Sports
Indian wrestlers dominate international championship,Sports
India wins the Cricket World Cup,Sports
Wimbledon final sees record viewership,Sports
Indian football team qualifies for the Asian Cup,Sports
Indian football team qualifies for the Asian Cup,Sports
Indian football team qualifies for the Asian Cup,Sports
Olympics 2024 to be held in Paris,Sports
Wimbledon final sees record viewership,Sports
New defense policies announced by the government,Politics
State elections see historic voter turnout,Politics
State elections see historic voter turnout,Politics
Budget 2025 introduces major tax reliefs,Politics
Indian Prime Minister meets global leaders,Politics
Budget 2025 introduces major tax reliefs,Politics
President signs new climate change bill,Politics
Budget 2025 introduces major tax reliefs,Politics
New defense policies announced by the government,Politics
Elections are scheduled for next month,Politics
Indian Prime Minister meets global leaders,Politics
Budget 2025 introduces major tax reliefs,Politics
Opposition parties form a new coalition,Politics
Opposition parties form a new coalition,Politics
Indian Prime Minister meets global leaders,Politics
New defense policies announced by the government,Politics
Supreme Court rules on landmark case,Politics
Elections are scheduled for next month,Politics
President signs new climate change bill,Politics
New defense policies announced by the government,Politics
Indian Prime Minister meets global leaders,Politics
Supreme Court rules on landmark case,Politics
Parliament debates on digital privacy laws,Politics
State elections see historic voter turnout,Politics
Opposition parties form a new coalition,Politics
President signs new climate change bill,Politics
Elections are scheduled for next month,Politics
Opposition parties form a new coalition,Politics
President signs new climate change bill,Politics
President signs new climate change bill,Politics
New defense policies announced by the government,Politics
Supreme Court rules on landmark case,Politics
State elections see historic voter turnout,Politics
State elections see historic voter turnout,Politics
Opposition parties form a new coalition,Politics
State elections see historic voter turnout,Politics
Opposition parties form a new coalition,Politics
State elections see historic voter turnout,Politics
Supreme Court rules on landmark case,Politics
Parliament debates on digital privacy laws,Politics
Parliament debates on digital privacy laws,Politics
Budget 2025 introduces major tax reliefs,Politics
New defense policies announced by the government,Politics
Elections are scheduled for next month,Politics
Budget 2025 introduces major tax reliefs,Politics
Budget 2025 introduces major tax reliefs,Politics
State elections see historic voter turnout,Politics
Parliament debates on digital privacy laws,Politics
Elections are scheduled for next month,Politics
Supreme Court rules on landmark case,Politics
